Reference Number,Easting,Northing,Number of Vehicles,Accident Date,Time (24hr),1st Road Class,Road Surface,Lighting Conditions,Weather Conditions,Type of Vehicle 1,Casualty Class 1,Casualty Severity 1,Sex of Casualty 1,Age of Casualty 1,Type of Vehicle 2,Casualty Class 2,Casualty Severity 2,Sex of Casualty 2,Age of Casualty 2,Type of Vehicle 3,Casualty Class 3,Casualty Severity 3,Sex of Casualty 3,Age of Casualty 3,Type of Vehicle 4,Casualty Class 4,Casualty Severity 4,Sex of Casualty 4,Age of Casualty 4,Type of Vehicle 5,Casualty Class 5,Casualty Severity 5,Sex of Casualty 5,Age of Casualty 5,Type of Vehicle 6,Casualty Class 6,Casualty Severity 6,Sex of Casualty 6,Age of Casualty 6
5131732,415809,422277,2,03/01/2018,2054,Unclassified,Wet / Damp,Darkness: street lights present and lit,Raining without high winds,Car,Driver or rider,Slight,Male,25,Taxi/Private hire car,Vehicle or pillion passenger,Slight,Male,41,,Vehicle or pillion passenger,Slight,Male,38,,,,,,,,,,,,,,,
5140196,414478,422719,2,04/01/2018,551,A,Wet / Damp,Darkness: street lights present and lit,Raining without high winds,Car,Driver or rider,Slight,Male,51,Car,not known,not known,not known,not known,,,,,,,,,,,,,,,,,,,,
5151479,411718,427905,2,05/01/2018,1650,Unclassified,Wet / Damp,Darkness: street lights present and lit,Fine without high winds,Car,Driver or rider,Slight,Male,51,Pedal cycle,not known,not known,not known,not known,,,,,,,,,,,,,,,,,,,,
51A0239,409779,425728,2,10/01/2018,744,A,Wet / Damp,Daylight: street lights present,Fine without high winds,Motorcycle over 50cc and up to 125cc,Driver or rider,Slight,Male,43,Car,not known,not known,not known,not known,,,,,,,,,,,,,,,,,,,,
5.10E+227,416632,422355,4,14/01/2018,348,Motorway,Wet / Damp,Darkness: street lighting unknown,Fine without high winds,Car,Driver or rider,Slight,Male,38,Car,Driver or rider,Slight,Male,35,Car,Driver or rider,Slight,Male,36,Car,Driver or rider,Slight,Male,45,,Vehicle or pillion passenger,Slight,Male,40,,,,,
51E0855,414084,423183,2,14/01/2018,1325,A,Dry,Daylight: street lights present,Fine without high winds,Car,Driver or rider,Serious,Male,45,Pedal cycle,not known,not known,not known,not known,,,,,,,,,,,,,,,,,,,,
51E1541,397849,426756,2,14/01/2018,1915,A,Wet / Damp,Darkness: street lights present and lit,Fine without high winds,Car,Driver or rider,Serious,Male,21,Motorcycle over 500cc,not known,not known,not known,not known,,,,,,,,,,,,,,,,,,,,
51E1807,408231,426388,2,14/01/2018,2030,Unclassified,Wet / Damp,Darkness: street lights present and lit,Fine without high winds,Taxi/Private hire car,Driver or rider,Slight,Male,57,Pedal cycle,not known,not known,not known,not known,,,,,,,,,,,,,,,,,,,,
51G0202,415279,424105,1,16/01/2018,714,Unclassified,Frost / Ice,Darkness: no street lighting,Fine without high winds,M/cycle 50cc and under,Driver or rider,Slight,Male,16,,,,,,,,,,,,,,,,,,,,,,,,,
51G0210,405791,423414,1,16/01/2018,630,Unclassified,Wet / Damp,Darkness: street lights present and lit,Fine without high winds,Car,Pedestrian,Slight,Female,39,,,,,,,,,,,,,,,,,,,,,,,,,
51G0850,413862,422090,1,16/01/2018,1533,Unclassified,Wet / Damp,Daylight: street lights present,Fine without high winds,Car,Pedestrian,Slight,Female,12,,,,,,,,,,,,,,,,,,,,,,,,,
51G1381,408865,426508,1,17/01/2018,1743,Unclassified,Snow,Darkness: street lights present and lit,Snowing without high winds,Car,Driver or rider,Slight,Female,20,,,,,,,,,,,,,,,,,,,,,,,,,
51H0673,410498,425167,2,16/01/2018,2045,Unclassified,Frost / Ice,Darkness: street lights present and lit,Snowing without high winds,Car,Driver or rider,Slight,Male,50,Car,not known,not known,not known,not known,,,,,,,,,,,,,,,,,,,,
51J0377,391140,426232,1,19/01/2018,830,Unclassified,Wet / Damp,Daylight: street lights present,Raining without high winds,Car,Pedestrian,Serious,Male,9,,,,,,,,,,,,,,,,,,,,,,,,,
51J0860,409123,423334,2,19/01/2018,1330,Unclassified,Wet / Damp,Daylight: street lights present,Snowing without high winds,Car,Driver or rider,Slight,Male,67,Car,not known,not known,not known,not known,,,,,,,,,,,,,,,,,,,,
51K1427,408084,425037,3,20/01/2018,1857,Unclassified,Wet / Damp,Darkness: street lights present and lit,Other,Car,Driver or rider,Slight,Female,30,Car,not known,not known,not known,not known,Car,not known,not known,not known,not known,,,,,,,,,,,,,,,
51L0955,408287,425205,2,21/01/2018,955,Unclassified,Wet / Damp,Daylight: street lights present,Fine without high winds,Car,Driver or rider,Slight,Male,63,Car,Vehicle or pillion passenger,Slight,Male,42,,,,,,,,,,,,,,,,,,,,
51O1705,412162,421488,2,24/01/2018,1640,Unclassified,Dry,Daylight: street lights present,Fine without high winds,Car,Vehicle or pillion passenger,Slight,Female,19,Taxi/Private hire car,not known,not known,not known,not known,,,,,,,,,,,,,,,,,,,,
51P0335,407099,426662,2,25/01/2018,906,Unclassified,Dry,Daylight: street lights present,Fine without high winds,Car,Driver or rider,Slight,Female,28,Car,not known,not known,not known,not known,,,,,,,,,,,,,,,,,,,,
51P0705,409092,425501,2,25/01/2018,1225,A,Dry,Daylight: street lights present,Fine without high winds,Car,Driver or rider,Slight,Male,57,Car,not known,not known,not known,not known,,,,,,,,,,,,,,,,,,,,
51P1126,408041,424652,1,25/01/2018,1611,Unclassified,Dry,Darkness: street lights present and lit,Fine without high winds,Car,Pedestrian,Slight,Male,7,,,,,,,,,,,,,,,,,,,,,,,,,
51Q1653,411842,429373,1,25/01/2018,2125,Unclassified,Snow,Darkness: street lights present but unlit,Other,Car,Pedestrian,Slight,Male,42,,,,,,,,,,,,,,,,,,,,,,,,,
51T0334,414193,422442,1,29/01/2018,845,Unclassified,Dry,Darkness: street lighting unknown,Fine without high winds,Car,Pedestrian,Slight,Male,12,,,,,,,,,,,,,,,,,,,,,,,,,
51T0938,414682,422498,1,29/01/2018,1400,A,Dry,Daylight: street lights present,Fine without high winds,Motorcycle over 50cc and up to 125cc,Pedestrian,Slight,Female,28,,,,,,,,,,,,,,,,,,,,,,,,,
51T1212,403920,424686,1,29/01/2018,1650,A,Dry,Daylight: street lights present,Fine without high winds,Car,Pedestrian,Slight,Female,15,,,,,,,,,,,,,,,,,,,,,,,,,
51U0217,411871,427794,2,30/01/2018,640,A,Wet / Damp,Darkness: street lights present and lit,Fine without high winds,Pedal cycle,Driver or rider,Serious,Male,63,Goods vehicle 3.5 tonnes mgw and under,not known,not known,not known,not known,,,,,,,,,,,,,,,,,,,,
5211329,409815,425710,2,01/02/2018,1730,A,Wet / Damp,Darkness: street lights present and lit,Fine without high winds,Car,Driver or rider,Slight,Female,28,Car,not known,not known,not known,not known,,,,,,,,,,,,,,,,,,,,
5221131,408640,423514,2,02/02/2018,1520,A,Dry,Daylight: street lights present,Fine without high winds,Car,Driver or rider,Slight,Male,30,Car,Driver or rider,Slight,Male,54,,Vehicle or pillion passenger,Slight,Male,89,,,,,,,,,,,,,,,
5241587,406002,423749,2,04/02/2018,1925,A,Wet / Damp,Darkness: street lights present and lit,Fine without high winds,Car,Vehicle or pillion passenger,Serious,Male,19,Bus or coach (17 or more passenger seats),not known,not known,not known,not known,,,,,,,,,,,,,,,,,,,,
5251301,414371,422816,2,05/02/2018,1557,A,Dry,Daylight: street lights present,Fine without high winds,Car,Driver or rider,Slight,Female,49,Car,not known,not known,not known,not known,,,,,,,,,,,,,,,,,,,,
5280496,407215,425139,1,08/02/2018,945,Unclassified,Wet / Damp,Daylight: street lights present,Fine without high winds,Car,Pedestrian,Slight,Male,15,,,,,,,,,,,,,,,,,,,,,,,,,
52B0379,405580,423092,1,11/02/2018,625,A,Snow,Darkness: street lighting unknown,Fine with high winds,Car,Driver or rider,Slight,Male,25,,Vehicle or pillion passenger,Slight,Male,24,,Vehicle or pillion passenger,Slight,Male,31,,,,,,,,,,,,,,,
52D1303,409259,425836,2,12/02/2018,1300,Unclassified,Dry,Daylight: street lights present,Fine without high winds,Car,Driver or rider,Slight,Female,23,Car,not known,not known,not known,not known,,,,,,,,,,,,,,,,,,,,
52D1587,412495,428797,2,13/02/2018,1934,A,Wet / Damp,Darkness: street lights present and lit,Fine without high winds,Car,Driver or rider,Slight,Male,70,Car,not known,not known,not known,not known,,,,,,,,,,,,,,,,,,,,
5.20E+271,412875,420312,6,14/02/2018,804,Motorway,Wet / Damp,Daylight: street lights present,Fine without high winds,Goods vehicle 7.5 tonnes mgw and over,Driver or rider,Slight,Male,31,Car,not known,not known,not known,not known,Car,not known,not known,not known,not known,Car,not known,not known,not known,not known,Car,not known,not known,not known,not known,Goods vehicle 7.5 tonnes mgw and over,not known,not known,not known,not known
52G0476,415233,422594,1,16/02/2018,640,Unclassified,Wet / Damp,Darkness: street lights present and lit,Fine without high winds,Car,Pedestrian,Slight,Male,62,,,,,,,,,,,,,,,,,,,,,,,,,
52G1371,410938,420664,2,16/02/2018,1713,Unclassified,Dry,Darkness: street lighting unknown,Fine without high winds,Car,Vehicle or pillion passenger,Slight,Male,11,Car,not known,not known,not known,not known,,,,,,,,,,,,,,,,,,,,
52I2016,413081,424311,1,18/02/2018,2345,A,Dry,Darkness: street lights present and lit,Fine without high winds,Car,Driver or rider,Slight,Male,33,,,,,,,,,,,,,,,,,,,,,,,,,
52J0521,416386,422221,2,19/02/2018,1050,A,Wet / Damp,Daylight: street lights present,Fine without high winds,Car,Driver or rider,Slight,Female,20,Car,not known,not known,not known,not known,,,,,,,,,,,,,,,,,,,,
52L0707,406280,423712,3,21/02/2018,1230,A,Dry,Daylight: street lights present,Fine without high winds,Goods vehicle 3.5 tonnes mgw and under,Driver or rider,Slight,Male,54,Car,Driver or rider,Slight,Male,51,Goods vehicle 3.5 tonnes mgw and under,not known,not known,not known,not known,,,,,,,,,,,,,,,
52O0968,408398,426513,2,24/02/2018,1413,A,Dry,Daylight: street lights present,Fine without high winds,Car,Vehicle or pillion passenger,Slight,Female,52,Car,not known,not known,not known,not known,,,,,,,,,,,,,,,,,,,,
52R1698,407934,425446,2,27/02/2018,2055,Unclassified,Snow,Darkness: street lights present and lit,Snowing without high winds,Car,Driver or rider,Slight,Male,36,Car,Vehicle or pillion passenger,Slight,Male,29,,Vehicle or pillion passenger,Slight,Male,27,,,,,,,,,,,,,,,
52S0441,405978,418592,1,28/02/2018,958,Unclassified,Snow,Daylight: street lights present,Snowing without high winds,Car,Driver or rider,Slight,Male,28,,,,,,,,,,,,,,,,,,,,,,,,,
52S1118,409523,425667,2,28/02/2018,1502,Unclassified,Snow,Daylight: street lights present,Snowing without high winds,Goods vehicle 3.5 tonnes mgw and under,Driver or rider,Slight,Female,27,Car,not known,not known,not known,not known,,,,,,,,,,,,,,,,,,,,
5320339,410267,424652,2,02/03/2018,851,Unclassified,Snow,Daylight: street lights present,Fine with high winds,Car,Driver or rider,Slight,Male,52,Car,not known,not known,not known,not known,,,,,,,,,,,,,,,,,,,,
5321480,398093,427047,2,02/03/2018,900,Unclassified,Wet / Damp,Daylight: street lights present,Fine without high winds,Car,Driver or rider,Slight,Male,45,Goods vehicle 3.5 tonnes mgw and under,not known,not known,not known,not known,,,,,,,,,,,,,,,,,,,,
5341073,409219,427304,1,05/03/2018,1548,Unclassified,Frost / Ice,Daylight: street lights present,Snowing without high winds,Car,Vehicle or pillion passenger,Slight,Female,14,,Vehicle or pillion passenger,Slight,Male,14,,,,,,,,,,,,,,,,,,,,
5370243,416727,422105,2,07/03/2018,620,A,Dry,Darkness: street lights present and lit,Fine without high winds,Car,Driver or rider,Slight,Male,47,Car,Driver or rider,Slight,Female,40,,,,,,,,,,,,,,,,,,,,
5380415,402809,423612,3,08/03/2018,750,Unclassified,Snow,Daylight: street lights present,Snowing with high winds,Car,Driver or rider,Slight,Male,39,Car,not known,not known,not known,not known,Car,not known,not known,not known,not known,,,,,,,,,,,,,,,
5390703,407965,424489,1,09/03/2018,1200,Unclassified,Dry,Daylight: street lights present,Fine without high winds,Car,Pedestrian,Serious,Female,22,,,,,,,,,,,,,,,,,,,,,,,,,
53C0288,409226,425375,1,12/03/2018,750,A,Wet / Damp,Darkness: street lights present and lit,Raining without high winds,Car,Pedestrian,Serious,Female,68,,,,,,,,,,,,,,,,,,,,,,,,,
53C0410,409188,424988,1,12/03/2018,600,A,Wet / Damp,Darkness: street lights present and lit,Fine without high winds,Car,Pedestrian,Slight,Female,44,,,,,,,,,,,,,,,,,,,,,,,,,
53C1292,406171,424018,1,12/03/2018,1615,Unclassified,Wet / Damp,Daylight: street lights present,Raining without high winds,Pedal cycle,Pedestrian,Slight,Male,12,,,,,,,,,,,,,,,,,,,,,,,,,
53D1184,410413,420722,1,13/03/2018,1530,Unclassified,Dry,Daylight: street lights present,Fine without high winds,Goods vehicle 3.5 tonnes mgw and under,Pedestrian,Slight,Male,14,,,,,,,,,,,,,,,,,,,,,,,,,
53F1015,399080,427223,1,15/03/2018,1015,Unclassified,Wet / Damp,Daylight: street lights present,Raining without high winds,Goods vehicle 7.5 tonnes mgw and over,Pedestrian,Slight,Male,31,,,,,,,,,,,,,,,,,,,,,,,,,
53F1328,406041,423437,2,15/03/2018,1714,Unclassified,Wet / Damp,Daylight: street lights present,Raining without high winds,Car,Driver or rider,Slight,Male,61,Taxi/Private hire car,not known,not known,not known,not known,,,,,,,,,,,,,,,,,,,,
53F1984,416337,424185,2,15/03/2018,2305,A,Wet / Damp,Darkness: no street lighting,Fog or mist – if hazard,Car,Vehicle or pillion passenger,Slight,Female,21,Car,not known,not known,not known,not known,,,,,,,,,,,,,,,,,,,,
53G1360,393127,423190,1,16/03/2018,1545,Unclassified,Dry,Daylight: street lights present,Fine without high winds,Car,Pedestrian,Slight,Male,11,,,,,,,,,,,,,,,,,,,,,,,,,
53H1616,407886,428560,1,17/03/2018,2001,Unclassified,Snow,Darkness: street lights present and lit,Snowing with high winds,Car,Vehicle or pillion passenger,Slight,Male,31,,,,,,,,,,,,,,,,,,,,,,,,,
53I0292,409785,424503,1,18/03/2018,240,Unclassified,Snow,Darkness: street lights present and lit,Snowing with high winds,Taxi/Private hire car,Vehicle or pillion passenger,Slight,Female,43,,Vehicle or pillion passenger,Slight,Female,56,,,,,,,,,,,,,,,,,,,,
53J1209,408172,424356,2,19/03/2018,835,Unclassified,Frost / Ice,Daylight: street lights present,Other,Car,Driver or rider,Slight,Female,56,Bus or coach (17 or more passenger seats),Vehicle or pillion passenger,Slight,Male,58,,,,,,,,,,,,,,,,,,,,
53K0329,391730,425625,1,20/03/2018,839,A,Wet / Damp,Daylight: street lights present,Fine without high winds,Car,Pedestrian,Slight,Male,3,,,,,,,,,,,,,,,,,,,,,,,,,
53M0309,411719,425541,2,22/03/2018,815,Unclassified,Dry,Daylight: street lights present,Fine without high winds,Car,Driver or rider,Serious,Male,59,Motorcycle over 50cc and up to 125cc,not known,not known,not known,not known,,,,,,,,,,,,,,,,,,,,
53M0361,393477,424610,2,21/03/2018,930,A,Dry,Daylight: street lights present,Fine without high winds,Goods vehicle 3.5 tonnes mgw and under,Driver or rider,Serious,Male,47,Pedal cycle,not known,not known,not known,not known,,,,,,,,,,,,,,,,,,,,
53M0462,409407,424094,2,22/03/2018,948,Unclassified,Dry,Daylight: street lights present,Fine without high winds,Goods vehicle 3.5 tonnes mgw and under,Driver or rider,Slight,Male,40,Car,not known,not known,not known,not known,,,,,,,,,,,,,,,,,,,,
53N0990,412035,427653,2,23/03/2018,1418,A,Dry,Daylight: street lights present,Fine without high winds,Car,Driver or rider,Serious,Male,71,Taxi/Private hire car,Driver or rider,Serious,Male,31,,Vehicle or pillion passenger,Serious,Female,38,,,,,,,,,,,,,,,
53O0768,408704,425938,4,24/03/2018,1144,A,Dry,Daylight: street lights present,Fine without high winds,Car,Driver or rider,Serious,Female,34,Car,not known,not known,not known,not known,Car,not known,not known,not known,not known,Car,not known,not known,not known,not known,,,,,,,,,,
53O1841,399939,415089,2,18/03/2018,2223,Motorway,Snow,Darkness: street lights present and lit,Fine with high winds,Car,Driver or rider,Slight,Male,51,Car,not known,not known,not known,not known,,,,,,,,,,,,,,,,,,,,
53Q0544,408555,425577,1,26/03/2018,1108,Unclassified,Dry,Daylight: street lights present,Fine without high winds,Car,Pedestrian,Slight,Female,27,,,,,,,,,,,,,,,,,,,,,,,,,
53Q0908,396387,427539,2,26/03/2018,1412,Unclassified,Dry,Daylight: street lights present,Fine without high winds,Car,Driver or rider,Slight,Male,63,Motorcycle over 500cc,not known,not known,not known,not known,,,,,,,,,,,,,,,,,,,,
53S0802,411116,421281,2,28/03/2018,1310,Unclassified,Dry,Daylight: street lights present,Fine without high winds,Car,Driver or rider,Slight,Male,23,Car,not known,not known,not known,not known,,,,,,,,,,,,,,,,,,,,
53S1233,406258,423898,1,28/03/2018,1553,Unclassified,Dry,Daylight: street lights present,Fine without high winds,Car,Pedestrian,Serious,Male,10,,,,,,,,,,,,,,,,,,,,,,,,,
53T1209,409400,425468,1,28/03/2018,1230,Unclassified,Dry,Daylight: street lights present,Fine without high winds,Bus or coach (17 or more passenger seats),Vehicle or pillion passenger,Serious,Female,82,,,,,,,,,,,,,,,,,,,,,,,,,
53U0686,398366,414764,2,30/03/2018,1145,Motorway,Dry,Daylight: street lights present,Fine without high winds,Car,Driver or rider,Fatal,Male,36,Motorcycle over 500cc,not known,not known,not known,not known,,,,,,,,,,,,,,,,,,,,
5410154,409524,422500,2,01/04/2018,117,A,Dry,Darkness: street lights present and lit,Fine without high winds,Car,Driver or rider,Serious,Male,18,Car,not known,not known,not known,not known,,,,,,,,,,,,,,,,,,,,
5421362,417047,423270,1,02/04/2018,1820,Motorway,Wet / Damp,Daylight: street lights present,Raining without high winds,Car,Driver or rider,Slight,Male,20,,,,,,,,,,,,,,,,,,,,,,,,,
5431534,406127,423646,2,03/04/2018,1755,Unclassified,Dry,Daylight: street lights present,Fine without high winds,Car,Driver or rider,Slight,Male,28,Pedal cycle,not known,not known,not known,not known,,,,,,,,,,,,,,,,,,,,
5431566,409169,425910,1,03/04/2018,1853,Unclassified,Dry,Daylight: street lights present,Fine without high winds,Car,Pedestrian,Serious,Male,15,,,,,,,,,,,,,,,,,,,,,,,,,
5450547,399810,415039,2,05/04/2018,1114,Motorway,Dry,Daylight: street lights present,Fine without high winds,Car,Vehicle or pillion passenger,Slight,Male,9,Car,Vehicle or pillion passenger,Slight,Male,6,,,,,,,,,,,,,,,,,,,,
5450605,416393,422225,2,05/04/2018,1145,A,Dry,Daylight: street lights present,Fine without high winds,Car,Driver or rider,Fatal,Male,74,Motorcycle over 500cc,not known,not known,not known,not known,,,,,,,,,,,,,,,,,,,,
5470735,405316,424761,2,07/04/2018,1055,Unclassified,Wet / Damp,Daylight: street lights present,Fine without high winds,Goods vehicle 3.5 tonnes mgw and under,Driver or rider,Slight,Male,27,Car,Driver or rider,Slight,Male,27,,,,,,,,,,,,,,,,,,,,
54A1662,407591,425125,2,10/04/2018,1950,Unclassified,Wet / Damp,Darkness: street lights present and lit,Fog or mist – if hazard,Car,Driver or rider,Slight,Female,33,Car,not known,not known,not known,not known,,,,,,,,,,,,,,,,,,,,
54B0983,416307,422213,2,11/04/2018,1525,A,Wet / Damp,Daylight: street lights present,Fine without high winds,Car,Driver or rider,Slight,Male,26,Goods vehicle 3.5 tonnes mgw and under,not known,not known,not known,not known,,,,,,,,,,,,,,,,,,,,
54B1420,416483,422136,3,11/04/2018,1900,Motorway,Wet / Damp,Daylight: street lights present,Fine without high winds,Car,Driver or rider,Slight,Male,23,Car,Driver or rider,Slight,Male,59,Car,not known,not known,not known,not known,,,,,,,,,,,,,,,
54C1022,408659,424770,1,12/04/2018,1530,A,Dry,Daylight: street lights present,Raining without high winds,Goods vehicle over 3.5 tonnes and under 7.5 tonnes mgw,Pedestrian,Slight,Female,24,,,,,,,,,,,,,,,,,,,,,,,,,
54G0834,408765,426102,1,16/04/2018,1312,Unclassified,Dry,Daylight: street lights present,Fine without high winds,Car,Pedestrian,Serious,Male,67,,,,,,,,,,,,,,,,,,,,,,,,,
54H0181,409318,424756,1,17/04/2018,334,Unclassified,Dry,Darkness: street lights present and lit,Fine without high winds,Car,Driver or rider,Slight,Male,36,,,,,,,,,,,,,,,,,,,,,,,,,
54H1759,401002,427162,2,17/04/2018,2050,Unclassified,Dry,Darkness: no street lighting,Fine without high winds,Car,Driver or rider,Slight,Male,55,Car,not known,not known,not known,not known,,,,,,,,,,,,,,,,,,,,
54I0244,408031,418027,3,18/04/2018,702,B,Dry,Daylight: street lights present,Fine without high winds,Pedal cycle,Driver or rider,Serious,Female,56,Car,not known,not known,not known,not known,Car,not known,not known,not known,not known,,,,,,,,,,,,,,,
54I1035,407853,424129,2,18/04/2018,1455,A,Dry,Daylight: street lights present,Fine without high winds,Car,Driver or rider,Slight,Female,42,Car,not known,not known,not known,not known,,,,,,,,,,,,,,,,,,,,
54K2239,399421,429023,1,20/04/2018,2318,A,Dry,Darkness: no street lighting,Fine without high winds,Car,Driver or rider,Slight,Male,62,,,,,,,,,,,,,,,,,,,,,,,,,
54O0346,403342,418093,1,24/04/2018,814,Unclassified,Dry,Daylight: street lights present,Fine without high winds,Car,Pedestrian,Serious,Female,14,,,,,,,,,,,,,,,,,,,,,,,,,
54O1465,409652,421066,1,24/04/2018,1759,Unclassified,Wet / Damp,Daylight: street lights present,Fine without high winds,Car,Vehicle or pillion passenger,Slight,Female,29,,,,,,,,,,,,,,,,,,,,,,,,,
54P0240,409526,424565,2,25/04/2018,739,Unclassified,Dry,Daylight: street lights present,Fine without high winds,Car,Driver or rider,Slight,Male,24,Motorcycle over 125cc and up to 500cc,not known,not known,not known,not known,,,,,,,,,,,,,,,,,,,,
54R0904,407581,427792,2,24/04/2018,810,Unclassified,Dry,Daylight: street lights present,Fine without high winds,Bus or coach (17 or more passenger seats),Driver or rider,Slight,Male,40,Car,not known,not known,not known,not known,,,,,,,,,,,,,,,,,,,,
54T0046,403941,419776,2,29/04/2018,20,A,Dry,Darkness: street lights present and lit,Fine without high winds,Car,Driver or rider,Slight,Male,37,Taxi/Private hire car,Vehicle or pillion passenger,Slight,Female,24,,,,,,,,,,,,,,,,,,,,
5510970,406593,428169,2,01/05/2018,1425,Unclassified,Dry,Daylight: street lights present,Fine without high winds,Pedal cycle,Driver or rider,Slight,Male,26,Car,not known,not known,not known,not known,,,,,,,,,,,,,,,,,,,,
5571302,405703,423373,2,07/05/2018,1607,Unclassified,Dry,Daylight: street lights present,Fine without high winds,Car,Driver or rider,Slight,Male,60,Car,Vehicle or pillion passenger,Slight,Female,59,,,,,,,,,,,,,,,,,,,,
5580398,408258,427160,2,08/05/2018,825,Unclassified,Dry,Daylight: street lights present,Fine without high winds,Car,Driver or rider,Slight,Male,42,Car,not known,not known,not known,not known,,,,,,,,,,,,,,,,,,,,
5581544,409060,425737,2,08/05/2018,1735,Unclassified,Wet / Damp,Daylight: street lights present,Raining without high winds,Car,Driver or rider,Slight,Female,26,Car,not known,not known,not known,not known,,,,,,,,,,,,,,,,,,,,
55B1045,409193,425879,3,11/05/2018,1415,Unclassified,Dry,Daylight: street lights present,Fine without high winds,Motorcycle over 50cc and up to 125cc,Driver or rider,Serious,Male,23,Car,not known,not known,not known,not known,Goods vehicle 3.5 tonnes mgw and under,not known,not known,not known,not known,,,,,,,,,,,,,,,
55C0614,390966,426251,1,12/05/2018,1018,Unclassified,Dry,Daylight: street lights present,Fine without high winds,Car,Pedestrian,Serious,Female,32,,,,,,,,,,,,,,,,,,,,,,,,,
55F0301,409426,423450,1,15/05/2018,812,Unclassified,Dry,Daylight: street lights present,Fine without high winds,Car,Pedestrian,Slight,Male,10,,,,,,,,,,,,,,,,,,,,,,,,,
55F0771,413600,423174,2,15/05/2018,1245,Unclassified,Dry,Daylight: street lights present,Fine without high winds,Car,Driver or rider,Slight,Female,45,Goods vehicle 7.5 tonnes mgw and over,not known,not known,not known,not known,,,,,,,,,,,,,,,,,,,,
55F1579,411810,427835,3,15/05/2018,1815,A,Dry,Daylight: street lights present,Fine without high winds,Car,Vehicle or pillion passenger,Serious,Female,42,Goods vehicle 3.5 tonnes mgw and under,Driver or rider,Slight,Female,54,Car,Driver or rider,Slight,Male,45,,,,,,,,,,,,,,,
55H1114,404376,421097,2,17/05/2018,1518,A,Dry,Daylight: street lights present,Fine without high winds,Motorcycle over 500cc,Driver or rider,Serious,Male,33,Car,not known,not known,not known,not known,,,,,,,,,,,,,,,,,,,,
55I1762,404480,423357,1,18/05/2018,1931,Unclassified,Dry,Daylight: street lights present,Fine without high winds,Car,Driver or rider,Slight,Male,25,,,,,,,,,,,,,,,,,,,,,,,,,
55I1816,414085,423184,2,18/05/2018,1830,Unclassified,Dry,Daylight: street lights present,Fine without high winds,Car,Driver or rider,Slight,Male,59,Car,not known,not known,not known,not known,,,,,,,,,,,,,,,,,,,,
55J1548,416483,422134,2,19/05/2018,1853,Motorway,Dry,Daylight: street lights present,Fine without high winds,Car,Driver or rider,Slight,Female,37,Car,not known,not known,not known,not known,,,,,,,,,,,,,,,,,,,,
55J2098,407636,424223,2,19/05/2018,2300,A,Dry,Darkness: street lights present and lit,Fine without high winds,Car,Driver or rider,Slight,Male,22,Car,not known,not known,not known,not known,,,,,,,,,,,,,,,,,,,,
55K1261,407617,425607,2,20/05/2018,1607,Unclassified,Dry,Daylight: street lights present,Fine without high winds,Pedal cycle,Driver or rider,Slight,Male,4,Car,not known,not known,not known,not known,,,,,,,,,,,,,,,,,,,,
55L2017,394261,424284,2,21/05/2018,1930,A,Dry,Daylight: street lights present,Fine without high winds,Motorcycle over 50cc and up to 125cc,Driver or rider,Slight,Male,17,Car,not known,not known,not known,not known,,,,,,,,,,,,,,,,,,,,
55M0801,412461,425468,2,23/05/2018,1200,A,Dry,Daylight: street lights present,Fine without high winds,Car,Vehicle or pillion passenger,Slight,Female,59,Goods vehicle 7.5 tonnes mgw and over,not known,not known,not known,not known,,,,,,,,,,,,,,,,,,,,
55M1519,409104,423188,2,22/05/2018,1720,Unclassified,Dry,Daylight: street lights present,Fine without high winds,Car,Driver or rider,Slight,Female,67,Car,not known,not known,not known,not known,,,,,,,,,,,,,,,,,,,,
55M2071,416897,422062,2,23/05/2018,38,A,Dry,Darkness: street lights present and lit,Fine without high winds,Car,Driver or rider,Slight,Male,14,Car,Vehicle or pillion passenger,Slight,Male,14,,Vehicle or pillion passenger,Slight,Male,15,,Vehicle or pillion passenger,Slight,Male,16,,Driver or rider,Slight,Male,27,,Vehicle or pillion passenger,Slight,Female,25
55N1521,408115,425482,1,23/05/2018,1820,Unclassified,Dry,Daylight: street lights present,Fine without high winds,Car,Pedestrian,Serious,Male,8,,,,,,,,,,,,,,,,,,,,,,,,,
55Q0970,400415,415182,2,26/05/2018,1315,Motorway,Dry,Daylight: street lights present,Fine without high winds,Car,Driver or rider,Slight,Male,35,Car,Vehicle or pillion passenger,Slight,Female,36,,Driver or rider,Slight,Male,20,,Vehicle or pillion passenger,Slight,Female,21,,,,,,,,,,
55U1387,411863,427785,1,30/05/2018,1815,A,Dry,Daylight: street lights present,Fine without high winds,Car,Pedestrian,Slight,Male,44,,,,,,,,,,,,,,,,,,,,,,,,,
55V0612,406710,424321,3,31/05/2018,1046,A,Dry,Daylight: street lights present,Fine without high winds,Car,Vehicle or pillion passenger,Slight,Male,26,Car,Vehicle or pillion passenger,Slight,Male,27,Car,not known,not known,not known,not known,,,,,,,,,,,,,,,
5610656,401689,415677,4,01/06/2018,1100,Motorway,Dry,Daylight: street lights present,Fine without high winds,Car,Driver or rider,Slight,Female,54,Car,Vehicle or pillion passenger,Slight,Female,57,Car,not known,not known,not known,not known,Car,not known,not known,not known,not known,,,,,,,,,,
5611051,411401,419615,2,01/06/2018,1405,Motorway,Dry,Daylight: street lights present,Fine without high winds,Car,Driver or rider,Slight,Male,43,Car,not known,not known,not known,not known,,,,,,,,,,,,,,,,,,,,
5611735,414352,422842,2,01/06/2018,1545,A,Dry,Daylight: street lights present,Fine without high winds,Car,Driver or rider,Slight,Male,54,Pedal cycle,not known,not known,not known,not known,,,,,,,,,,,,,,,,,,,,
5630280,412961,429050,2,03/06/2018,242,Unclassified,Dry,Darkness: street lights present and lit,Fine without high winds,Car,Vehicle or pillion passenger,Slight,Female,30,Car,not known,not known,not known,not known,,,,,,,,,,,,,,,,,,,,
5640367,408878,424927,2,04/06/2018,755,A,Dry,Daylight: street lights present,Fine without high winds,Goods vehicle 3.5 tonnes mgw and under,Driver or rider,Serious,Male,42,Pedal cycle,not known,not known,not known,not known,,,,,,,,,,,,,,,,,,,,
5640948,414875,425171,3,04/06/2018,1340,Unclassified,Dry,Daylight: street lights present,Fine without high winds,Car,Vehicle or pillion passenger,Slight,Female,69,Car,not known,not known,not known,not known,Car,not known,not known,not known,not known,,,,,,,,,,,,,,,
5650808,394142,424223,3,05/06/2018,1320,A,Dry,Daylight: street lights present,Fine without high winds,Car,Driver or rider,Slight,Female,77,Car,not known,not known,not known,not known,Car,not known,not known,not known,not known,,,,,,,,,,,,,,,
5671714,409801,425714,2,07/06/2018,1640,A,Dry,Daylight: street lights present,Fine without high winds,Car,Vehicle or pillion passenger,Slight,Female,17,Car,not known,not known,not known,not known,,,,,,,,,,,,,,,,,,,,
5692198,407400,425926,2,09/06/2018,2330,Unclassified,Dry,Daylight: street lights present,Fine without high winds,Car,Driver or rider,Slight,Male,45,Car,Driver or rider,Slight,Male,57,,,,,,,,,,,,,,,,,,,,
56C0930,407105,424856,2,12/06/2018,1405,Unclassified,Dry,Daylight: street lights present,Fine without high winds,Car,Driver or rider,Serious,Male,57,Pedal cycle,not known,not known,not known,not known,,,,,,,,,,,,,,,,,,,,
56C1054,405655,423182,1,14/06/2018,850,Unclassified,Dry,Daylight: street lights present,Fine without high winds,Car,Pedestrian,Slight,Female,10,,,,,,,,,,,,,,,,,,,,,,,,,
56C1338,406974,429774,2,12/06/2018,1658,A,Dry,Daylight: street lights present,Fine without high winds,Car,Driver or rider,Slight,Male,48,Car,not known,not known,not known,not known,,,,,,,,,,,,,,,,,,,,
56D0393,409121,425241,2,13/06/2018,852,A,Dry,Daylight: street lights present,Fine without high winds,Car,Driver or rider,Slight,Female,42,Car,not known,not known,not known,not known,,,,,,,,,,,,,,,,,,,,
56E0645,400187,427313,2,14/06/2018,1049,Unclassified,Dry,Daylight: street lights present,Fine without high winds,Car,Driver or rider,Slight,Female,83,Car,not known,not known,not known,not known,,,,,,,,,,,,,,,,,,,,
56F1049,415384,422703,2,15/06/2018,1452,A,Dry,Daylight: street lights present,Fine without high winds,Car,Driver or rider,Slight,Male,20,Car,not known,not known,not known,not known,,,,,,,,,,,,,,,,,,,,
56F1467,407029,427522,2,15/06/2018,1755,Unclassified,Dry,Daylight: street lights present,Fine without high winds,Motorcycle over 50cc and up to 125cc,Driver or rider,Serious,Male,28,Car,not known,not known,not known,not known,,,,,,,,,,,,,,,,,,,,
56G1182,400634,415258,2,16/06/2018,1520,Motorway,Wet / Damp,Daylight: street lights present,Raining without high winds,Car,Driver or rider,Slight,Female,35,Goods vehicle 7.5 tonnes mgw and over,Vehicle or pillion passenger,Slight,Female,13,,,,,,,,,,,,,,,,,,,,
56G1338,406089,423628,1,16/06/2018,1650,A,Wet / Damp,Daylight: street lights present,Fine without high winds,Bus or coach (17 or more passenger seats),Pedestrian,Serious,Male,69,,,,,,,,,,,,,,,,,,,,,,,,,
56I0659,405701,423371,2,18/06/2018,1135,Unclassified,Dry,Daylight: street lights present,Fine without high winds,Car,Vehicle or pillion passenger,Slight,Male,48,Car,Driver or rider,Slight,Male,30,,,,,,,,,,,,,,,,,,,,
56J0695,391214,426177,2,19/06/2018,1130,A,Dry,Daylight: street lights present,Fine without high winds,Bus or coach (17 or more passenger seats),Driver or rider,Slight,Female,36,Pedal cycle,not known,not known,not known,not known,,,,,,,,,,,,,,,,,,,,
56K0799,393039,423189,1,20/06/2018,1250,A,Dry,Daylight: street lights present,Fine without high winds,Car,Driver or rider,Slight,Male,73,,,,,,,,,,,,,,,,,,,,,,,,,
56K0956,414776,422788,2,20/06/2018,1415,Unclassified,Dry,Daylight: street lights present,Fine without high winds,Car,Driver or rider,Slight,Male,38,Car,Vehicle or pillion passenger,Slight,Female,51,,,,,,,,,,,,,,,,,,,,
56M1039,400772,424860,2,22/06/2018,1431,B,Dry,Daylight: street lights present,Fine without high winds,Car,Driver or rider,Serious,Male,51,Motorcycle over 125cc and up to 500cc,Vehicle or pillion passenger,Serious,Female,30,,,,,,,,,,,,,,,,,,,,
56O0150,407436,430176,3,24/06/2018,200,Unclassified,Dry,Darkness: street lights present and lit,Fine without high winds,Car,Driver or rider,Slight,Male,43,Car,Vehicle or pillion passenger,Slight,Male,50,Car,not known,not known,not known,not known,,,,,,,,,,,,,,,
56O0904,398065,426953,2,24/06/2018,1319,A,Dry,Daylight: street lights present,Fine without high winds,Car,Driver or rider,Slight,Female,75,Car,not known,not known,not known,not known,,,,,,,,,,,,,,,,,,,,
56O1289,405875,423976,2,24/06/2018,1625,Unclassified,Dry,Daylight: street lights present,Fine without high winds,Pedal cycle,Driver or rider,Slight,Female,11,Car,not known,not known,not known,not known,,,,,,,,,,,,,,,,,,,,
56P1809,400255,426523,2,25/06/2018,1937,A,Dry,Daylight: street lights present,Fine without high winds,Car,Driver or rider,Serious,Female,52,Pedal cycle,not known,not known,not known,not known,,,,,,,,,,,,,,,,,,,,
56Q1217,406688,425923,2,26/06/2018,1540,Unclassified,Dry,Daylight: street lights present,Fine without high winds,Mobility Scooter,Driver or rider,Slight,Male,55,Bus or coach (17 or more passenger seats),not known,not known,not known,not known,,,,,,,,,,,,,,,,,,,,
56R0438,405322,420270,1,27/06/2018,715,B,Dry,Daylight: street lights present,Fine without high winds,Car,Pedestrian,Slight,Female,51,,,,,,,,,,,,,,,,,,,,,,,,,
56R0589,417615,420647,1,27/06/2018,1012,A,Dry,Daylight: street lights present,Fine without high winds,Motorcycle over 500cc,Driver or rider,Slight,Male,52,,,,,,,,,,,,,,,,,,,,,,,,,
56R1098,414183,423529,2,27/06/2018,1429,Unclassified,Dry,Daylight: street lights present,Fine without high winds,Car,Pedestrian,Slight,Male,44,Car,not known,not known,not known,not known,,,,,,,,,,,,,,,,,,,,
56S0814,405364,420291,2,28/06/2018,1235,Unclassified,Dry,Daylight: street lights present,Fine without high winds,Car,Driver or rider,Slight,Female,27,Car,not known,not known,not known,not known,,,,,,,,,,,,,,,,,,,,
56T0401,412765,428963,2,29/06/2018,730,A,Dry,Daylight: street lights present,Fine without high winds,Motorcycle over 500cc,Driver or rider,Slight,Male,28,Car,not known,not known,not known,not known,,,,,,,,,,,,,,,,,,,,
56T1002,407484,424293,3,29/06/2018,929,A,Dry,Daylight: street lights present,Fine without high winds,Goods vehicle 3.5 tonnes mgw and under,Driver or rider,Slight,Male,26,Goods vehicle 3.5 tonnes mgw and under,not known,not known,not known,not known,Car,not known,not known,not known,not known,,,,,,,,,,,,,,,
56T1095,407506,424657,1,29/06/2018,1328,Unclassified,Dry,Daylight: street lights present,Fine without high winds,Car,Pedestrian,Slight,Male,6,,,,,,,,,,,,,,,,,,,,,,,,,
56T1354,405191,422860,2,29/06/2018,1529,A,Dry,Daylight: street lights present,Fine without high winds,Car,Vehicle or pillion passenger,Slight,Female,5,Car,not known,not known,not known,not known,,,,,,,,,,,,,,,,,,,,
56U0788,414734,424569,3,30/06/2018,1045,A,Dry,Daylight: street lights present,Fine without high winds,Car,Driver or rider,Slight,Female,59,Car,not known,not known,not known,not known,Car,not known,not known,not known,not known,,,,,,,,,,,,,,,
5721915,413781,421549,2,02/07/2018,2019,Unclassified,Dry,Daylight: street lights present,Fine without high winds,Car,Driver or rider,Slight,Male,33,Motorcycle over 125cc and up to 500cc,not known,not known,not known,not known,,,,,,,,,,,,,,,,,,,,
5731154,416467,422063,2,03/07/2018,1537,A,Dry,Daylight: street lights present,Fine without high winds,Car,Vehicle or pillion passenger,Slight,Female,45,Car,not known,not known,not known,not known,,,,,,,,,,,,,,,,,,,,
5731405,416824,422528,2,03/07/2018,1730,Motorway,Dry,Daylight: street lights present,Fine without high winds,Car,Driver or rider,Slight,Female,54,Goods vehicle 7.5 tonnes mgw and over,not known,not known,not known,not known,,,,,,,,,,,,,,,,,,,,
5740392,413245,420679,2,04/07/2018,734,A,Dry,Daylight: street lights present,Fine without high winds,Car,Driver or rider,Slight,Male,28,Car,Driver or rider,Slight,Male,21,,,,,,,,,,,,,,,,,,,,
5741082,409772,423859,2,04/07/2018,1450,Unclassified,Dry,Daylight: street lights present,Fine without high winds,Car,Driver or rider,Slight,Male,29,Car,Driver or rider,Slight,Male,23,,,,,,,,,,,,,,,,,,,,
5751089,414788,423020,2,05/07/2018,1512,A,Dry,Daylight: street lights present,Fine without high winds,Car,Driver or rider,Slight,Male,52,Car,not known,not known,not known,not known,,,,,,,,,,,,,,,,,,,,
5761064,416281,422177,2,06/07/2018,1416,A,Dry,Daylight: street lights present,Fine without high winds,Car,Driver or rider,Slight,Male,27,Motorcycle over 50cc and up to 125cc,Driver or rider,Slight,Female,33,,,,,,,,,,,,,,,,,,,,
5770613,407971,425797,2,07/07/2018,820,Unclassified,Dry,Daylight: street lights present,Fine without high winds,Pedal cycle,Driver or rider,Slight,Male,16,Car,not known,not known,not known,not known,,,,,,,,,,,,,,,,,,,,
5772021,392124,425594,2,07/07/2018,2005,A,Dry,Daylight: street lights present,Fine without high winds,Car,Driver or rider,Slight,Female,70,Goods vehicle 3.5 tonnes mgw and under,not known,not known,not known,not known,,,,,,,,,,,,,,,,,,,,
57E1696,409310,424615,2,14/07/2018,1915,A,Dry,Daylight: street lights present,Fine without high winds,Motorcycle over 500cc,Driver or rider,Serious,Male,57,Car,not known,not known,not known,not known,,,,,,,,,,,,,,,,,,,,
57G1224,407796,424177,1,16/07/2018,1200,A,Dry,Daylight: street lights present,Fine without high winds,Bus or coach (17 or more passenger seats),Vehicle or pillion passenger,Slight,Female,2,,,,,,,,,,,,,,,,,,,,,,,,,
57H0345,405287,423436,2,17/07/2018,741,Unclassified,Dry,Daylight: street lights present,Fine without high winds,Car,Driver or rider,Serious,Female,38,Pedal cycle,not known,not known,not known,not known,,,,,,,,,,,,,,,,,,,,
57I0434,414673,424239,1,18/07/2018,850,A,Dry,Daylight: street lights present,Fine without high winds,Car,Pedestrian,Slight,Female,34,,,,,,,,,,,,,,,,,,,,,,,,,
57I1719,415130,422808,3,18/07/2018,1923,Unclassified,Dry,Daylight: street lights present,Fine without high winds,Car,Driver or rider,Slight,Male,42,Car,not known,not known,not known,not known,Car,not known,not known,not known,not known,,,,,,,,,,,,,,,
57J1579,408419,422736,2,19/07/2018,1745,A,Dry,Daylight: street lights present,Fine without high winds,Car,Driver or rider,Slight,Female,22,Car,Driver or rider,Slight,Female,41,,,,,,,,,,,,,,,,,,,,
57J2063,414695,423140,2,19/07/2018,1800,A,Dry,Daylight: street lights present,Fine without high winds,Car,Vehicle or pillion passenger,Slight,Male,15,Car,Vehicle or pillion passenger,Slight,Male,10,,Vehicle or pillion passenger,Slight,Male,16,,,,,,,,,,,,,,,
57K0916,393400,421421,2,20/07/2018,1255,A,Dry,Daylight: street lights present,Fine without high winds,Pedal cycle,Driver or rider,Serious,Male,48,Car,not known,not known,not known,not known,,,,,,,,,,,,,,,,,,,,
57L0209,392752,425185,2,21/07/2018,209,A,Dry,Darkness: street lights present and lit,Fine without high winds,Taxi/Private hire car,Driver or rider,Slight,Male,41,Car,not known,not known,not known,not known,,,,,,,,,,,,,,,,,,,,
57M1391,409990,427395,2,22/07/2018,1610,Unclassified,Dry,Daylight: street lights present,Fine without high winds,Pedal cycle,Driver or rider,Serious,Male,54,Motorcycle over 125cc and up to 500cc,not known,not known,not known,not known,,,,,,,,,,,,,,,,,,,,
57O0694,408096,427373,2,24/07/2018,1110,A,Dry,Daylight: street lights present,Fine without high winds,Car,Vehicle or pillion passenger,Slight,Male,4,Car,Vehicle or pillion passenger,Slight,Male,6,,Vehicle or pillion passenger,Slight,Female,1,,,,,,,,,,,,,,,
57O1378,400382,415879,1,24/07/2018,1620,A,Wet / Damp,Daylight: street lights present,Raining without high winds,Car,Driver or rider,Slight,Male,23,,Vehicle or pillion passenger,Slight,Male,20,,,,,,,,,,,,,,,,,,,,
57Q0706,406700,424760,2,26/07/2018,1105,A,Dry,Daylight: street lights present,Fine without high winds,Car,Driver or rider,Slight,Female,38,Car,Driver or rider,Slight,Female,50,,,,,,,,,,,,,,,,,,,,
57Q1776,408336,424978,2,26/07/2018,1917,Unclassified,Dry,Daylight: street lights present,Fine without high winds,Car,Driver or rider,Slight,Male,45,Car,not known,not known,not known,not known,,,,,,,,,,,,,,,,,,,,
57R0526,400802,425242,1,27/07/2018,930,B,Dry,Daylight: street lights present,Fine without high winds,Motorcycle over 125cc and up to 500cc,Driver or rider,Slight,Male,67,,,,,,,,,,,,,,,,,,,,,,,,,
57R1301,409864,425692,2,27/07/2018,1545,A,Dry,Daylight: street lights present,Fine without high winds,Car,Driver or rider,Slight,Female,29,Car,Vehicle or pillion passenger,Slight,Female,7,,,,,,,,,,,,,,,,,,,,
57T0064,409775,423193,2,29/07/2018,30,A,Dry,Darkness: street lights present and lit,Fine without high winds,Taxi/Private hire car,Driver or rider,Slight,Male,48,Car,Vehicle or pillion passenger,Slight,Female,64,,Vehicle or pillion passenger,Slight,Female,35,,Vehicle or pillion passenger,Slight,Female,57,,Vehicle or pillion passenger,Slight,Female,30,,,,,
57T0451,409907,424473,1,08/07/2018,450,Unclassified,Dry,Darkness: street lights present and lit,Fine without high winds,Car,Vehicle or pillion passenger,Slight,Female,13,,Vehicle or pillion passenger,Slight,Female,16,,,,,,,,,,,,,,,,,,,,
5811855,397872,426801,2,01/08/2018,2000,A,Dry,Daylight: street lights present,Fine without high winds,Pedal cycle,Driver or rider,Serious,Male,41,Goods vehicle 3.5 tonnes mgw and under,not known,not known,not known,not known,,,,,,,,,,,,,,,,,,,,
5821089,399472,414930,1,02/08/2018,1420,Motorway,Dry,Daylight: street lights present,Fine without high winds,Car,Vehicle or pillion passenger,Slight,Female,59,,,,,,,,,,,,,,,,,,,,,,,,,
5851091,405997,423754,1,05/08/2018,1945,A,Dry,Darkness: street lights present and lit,Fine without high winds,Car,Pedestrian,Slight,Male,30,,,,,,,,,,,,,,,,,,,,,,,,,
5870365,401128,427190,2,07/08/2018,718,Unclassified,Dry,Daylight: street lights present,Fine without high winds,Car,Driver or rider,Slight,Male,64,Car,not known,not known,not known,not known,,,,,,,,,,,,,,,,,,,,
5881724,400802,425228,2,08/08/2018,2023,B,Dry,Daylight: street lights present,Fine without high winds,Motorcycle over 125cc and up to 500cc,Driver or rider,Serious,Male,45,Car,not known,not known,not known,not known,,,,,,,,,,,,,,,,,,,,
5891292,412578,425500,1,09/08/2018,1710,A,Dry,Daylight: street lights present,Fine without high winds,Car,Pedestrian,Serious,Female,44,,,,,,,,,,,,,,,,,,,,,,,,,
58B0512,417800,420995,3,11/08/2018,855,A,Dry,Daylight: street lights present,Fine without high winds,Car,Driver or rider,Serious,Male,60,Car,Vehicle or pillion passenger,Fatal,Female,78,Car,not known,not known,not known,not known,,,,,,,,,,,,,,,
58D1504,412459,425425,2,13/08/2018,1750,A,Dry,Daylight: street lights present,Fine without high winds,Goods vehicle 3.5 tonnes mgw and under,Vehicle or pillion passenger,Slight,Female,47,Car,not known,not known,not known,not known,,,,,,,,,,,,,,,,,,,,
58F0131,409187,425883,1,15/08/2018,130,A,Dry,Darkness: street lights present and lit,Fine without high winds,Car,Driver or rider,Slight,Male,26,,,,,,,,,,,,,,,,,,,,,,,,,
58H1527,407646,429913,2,17/08/2018,1742,Unclassified,Dry,Daylight: street lights present,Fine without high winds,Goods vehicle 3.5 tonnes mgw and under,Vehicle or pillion passenger,Slight,Male,43,Car,not known,not known,not known,not known,,,,,,,,,,,,,,,,,,,,
58I1293,395047,424561,1,18/08/2018,1520,Unclassified,Dry,Daylight: street lights present,Fine without high winds,Car,Pedestrian,Serious,Male,6,,,,,,,,,,,,,,,,,,,,,,,,,
58J1999,414167,423936,4,19/08/2018,2211,Unclassified,Dry,Darkness: street lights present and lit,Fine without high winds,Car,Driver or rider,Slight,Male,23,Car,not known,not known,not known,not known,Car,not known,not known,not known,not known,Car,not known,not known,not known,not known,,,,,,,,,,
58K0262,404371,421123,1,20/08/2018,610,Unclassified,Wet / Damp,Darkness: street lights present and lit,Fine without high winds,Car,Driver or rider,Serious,Female,45,,,,,,,,,,,,,,,,,,,,,,,,,
58L1641,416761,422653,2,21/08/2018,1755,Unclassified,Dry,Daylight: street lights present,Fine without high winds,Car,Driver or rider,Serious,Male,83,Car,not known,not known,not known,not known,,,,,,,,,,,,,,,,,,,,
58M1563,407599,424853,4,22/08/2018,1800,Unclassified,Dry,Daylight: street lights present,Fine without high winds,Car,Pedestrian,Slight,Male,18,Car,not known,not known,not known,not known,Car,not known,not known,not known,not known,Car,not known,not known,not known,not known,,,,,,,,,,
58M1993,414613,421684,2,22/08/2018,2136,A,Dry,Daylight: street lights present,Fine without high winds,Car,Driver or rider,Slight,Female,40,Car,Driver or rider,Slight,Male,76,,Vehicle or pillion passenger,Slight,Female,80,,,,,,,,,,,,,,,
58O0927,399291,414890,3,24/08/2018,1345,Motorway,Wet / Damp,Daylight: street lights present,Raining without high winds,Car,Driver or rider,Slight,Male,47,Car,Vehicle or pillion passenger,Slight,Female,6,Car,not known,not known,not known,not known,,,,,,,,,,,,,,,
58O1004,399517,418440,1,24/08/2018,1425,Unclassified,Dry,Daylight: street lights present,Fine without high winds,M/cycle 50cc and under,Driver or rider,Slight,Male,16,,,,,,,,,,,,,,,,,,,,,,,,,
58P1039,411080,420864,2,25/08/2018,1409,Unclassified,Dry,Daylight: street lights present,Fine without high winds,Pedal cycle,Driver or rider,Slight,Female,49,Car,not known,not known,not known,not known,,,,,,,,,,,,,,,,,,,,
58Q1253,412961,429052,2,26/08/2018,1613,Unclassified,Dry,Daylight: street lights present,Fine without high winds,Car,Driver or rider,Slight,Female,38,Minibus (8 – 16 passenger seats),Vehicle or pillion passenger,Slight,Male,22,,,,,,,,,,,,,,,,,,,,
58T0966,406395,423558,2,29/08/2018,1421,Unclassified,Dry,Daylight: street lights present,Fine without high winds,Car,Driver or rider,Slight,Male,81,Car,not known,not known,not known,not known,,,,,,,,,,,,,,,,,,,,
58U0255,409844,422474,1,30/08/2018,645,Unclassified,Dry,Daylight: street lights present,Fine without high winds,Car,Vehicle or pillion passenger,Serious,Male,32,,,,,,,,,,,,,,,,,,,,,,,,,
5920988,406893,430737,2,02/09/2018,1252,A,Dry,Daylight: street lights present,Fine without high winds,Car,Vehicle or pillion passenger,Slight,Female,12,Car,Vehicle or pillion passenger,Slight,Female,16,,Vehicle or pillion passenger,Slight,Male,16,,,,,,,,,,,,,,,
5921067,416491,422162,1,02/09/2018,1328,Motorway,Dry,Daylight: street lights present,Fine without high winds,Other Vehicle ,Driver or rider,Serious,Male,44,,,,,,,,,,,,,,,,,,,,,,,,,
5930341,416364,422128,3,03/09/2018,738,Motorway,Dry,Daylight: street lights present,Fine without high winds,Goods vehicle over 3.5 tonnes and under 7.5 tonnes mgw,Driver or rider,Slight,Male,21,Car,Driver or rider,Slight,Female,22,Goods vehicle 7.5 tonnes mgw and over,not known,not known,not known,not known,,,,,,,,,,,,,,,
5961432,410022,422709,2,06/09/2018,1848,Unclassified,Dry,Daylight: street lights present,Fine without high winds,Taxi/Private hire car,Driver or rider,Slight,Female,54,Pedal cycle,not known,not known,not known,not known,,,,,,,,,,,,,,,,,,,,
5961845,403506,419188,1,06/09/2018,2230,Unclassified,Wet / Damp,Darkness: street lights present and lit,Fine without high winds,Taxi/Private hire car,Pedestrian,Slight,Male,50,,,,,,,,,,,,,,,,,,,,,,,,,
5971462,416401,422144,2,07/09/2018,1711,Motorway,Dry,Daylight: street lights present,Fine without high winds,Car,Driver or rider,Slight,Female,53,Car,not known,not known,not known,not known,,,,,,,,,,,,,,,,,,,,
59A2121,413701,423255,1,10/09/2018,2333,Unclassified,Wet / Damp,Darkness: street lights present and lit,Raining without high winds,Car,Vehicle or pillion passenger,Serious,Male,41,,,,,,,,,,,,,,,,,,,,,,,,,
59C0649,404289,420314,1,12/09/2018,1143,A,Dry,Daylight: street lights present,Fine without high winds,Motorcycle over 500cc,Driver or rider,Serious,Male,40,,,,,,,,,,,,,,,,,,,,,,,,,
59C1950,407900,425077,4,12/09/2018,2100,Unclassified,Dry,Darkness: street lights present and lit,Fine without high winds,Car,Pedestrian,Serious,Male,15,Car,not known,not known,not known,not known,Car,not known,not known,not known,not known,Goods vehicle 3.5 tonnes mgw and under,not known,not known,not known,not known,,,,,,,,,,
59D0245,409439,420994,2,13/09/2018,749,B,Dry,Daylight: street lights present,Fine without high winds,Motorcycle over 50cc and up to 125cc,Driver or rider,Slight,Male,29,Car,not known,not known,not known,not known,,,,,,,,,,,,,,,,,,,,
59D1742,406209,423680,2,13/09/2018,2102,A,Dry,Darkness: street lights present and lit,Fine without high winds,Car,Driver or rider,Slight,Female,43,Car,Vehicle or pillion passenger,Slight,Male,32,,,,,,,,,,,,,,,,,,,,
59E0388,400784,419070,1,14/09/2018,843,A,Wet / Damp,Daylight: street lights present,Raining without high winds,Car,Driver or rider,Slight,Male,18,,,,,,,,,,,,,,,,,,,,,,,,,
59F2180,398833,427221,1,15/09/2018,2200,A,Dry,Darkness: street lights present and lit,Fine without high winds,Taxi/Private hire car,Vehicle or pillion passenger,Slight,Female,58,,,,,,,,,,,,,,,,,,,,,,,,,
59G1340,408463,423611,2,16/09/2018,1550,Unclassified,Dry,Daylight: street lights present,Fine without high winds,Car,Driver or rider,Slight,Male,47,Pedal cycle,not known,not known,not known,not known,,,,,,,,,,,,,,,,,,,,
59I0302,409123,425243,2,18/09/2018,805,A,Wet / Damp,Daylight: street lights present,Raining without high winds,Car,Driver or rider,Slight,Female,40,Car,not known,not known,not known,not known,,,,,,,,,,,,,,,,,,,,
59L0862,405915,423110,2,21/09/2018,1230,Unclassified,Dry,Daylight: street lights present,Fine without high winds,Car,Driver or rider,Slight,Female,27,Car,not known,not known,not known,not known,,,,,,,,,,,,,,,,,,,,
59L1665,416958,423798,3,21/09/2018,2100,Motorway,Wet / Damp,Darkness: street lights present and lit,Raining without high winds,Taxi/Private hire car,Driver or rider,Slight,Female,80,Taxi/Private hire car,not known,not known,not known,not known,Goods vehicle over 3.5 tonnes and under 7.5 tonnes mgw,not known,not known,not known,not known,,,,,,,,,,,,,,,
59M0598,403744,416449,4,22/09/2018,1010,Motorway,Dry,Daylight: street lights present,Fine without high winds,Car,Driver or rider,Slight,Male,45,Car,Driver or rider,Slight,Male,60,Car,Vehicle or pillion passenger,Slight,Female,15,Car,Vehicle or pillion passenger,Slight,Female,17,,,,,,,,,,
59M0718,409220,425215,1,22/09/2018,1113,Unclassified,Dry,Daylight: street lights present,Fine without high winds,Car,Pedestrian,Slight,Female,79,,,,,,,,,,,,,,,,,,,,,,,,,
59M0959,415038,422848,2,22/09/2018,1320,A,Dry,Daylight: street lights present,Fine without high winds,Pedal cycle,Driver or rider,Slight,Male,54,Car,not known,not known,not known,not known,,,,,,,,,,,,,,,,,,,,
59N0678,414086,423185,2,23/09/2018,1050,A,Dry,Daylight: street lights present,Fine without high winds,Car,Driver or rider,Slight,Male,70,Pedal cycle,not known,not known,not known,not known,,,,,,,,,,,,,,,,,,,,
59O1018,409112,427763,1,24/09/2018,1449,Unclassified,Dry,Daylight: street lights present,Fine without high winds,Car,Driver or rider,Slight,Female,22,,Vehicle or pillion passenger,Slight,Male,2,,Vehicle or pillion passenger,Slight,Male,1,,,,,,,,,,,,,,,
59Q1537,401528,419136,2,26/09/2018,1825,A,Dry,Daylight: street lights present,Fine without high winds,Car,Driver or rider,Serious,Male,40,Motorcycle over 500cc,not known,not known,not known,not known,,,,,,,,,,,,,,,,,,,,
59R0430,414756,422827,2,27/09/2018,830,A,Dry,Daylight: street lights present,Fine without high winds,Motorcycle over 50cc and up to 125cc,Driver or rider,Slight,Male,21,Goods vehicle 3.5 tonnes mgw and under,not known,not known,not known,not known,,,,,,,,,,,,,,,,,,,,
59S0421,408495,424686,1,28/09/2018,920,A,Dry,Daylight: street lights present,Fine without high winds,Car,Pedestrian,Serious,Male,16,,,,,,,,,,,,,,,,,,,,,,,,,
59S1068,401780,415735,4,28/09/2018,1519,Motorway,Dry,Daylight: street lights present,Fine without high winds,Car,Driver or rider,Slight,Male,27,Goods vehicle 3.5 tonnes mgw and under,not known,not known,not known,not known,Car,not known,not known,not known,not known,Car,not known,not known,not known,not known,,,,,,,,,,
59S1561,405812,423419,2,28/09/2018,1715,Unclassified,Dry,Daylight: street lights present,Fine without high winds,Car,Driver or rider,Slight,Male,55,Car,not known,not known,not known,not known,,,,,,,,,,,,,,,,,,,,
59T1318,406144,423653,1,29/09/2018,1500,A,Dry,Daylight: street lights present,Fine without high winds,Car,Pedestrian,Serious,Female,77,,,,,,,,,,,,,,,,,,,,,,,,,
59T1937,407830,424196,1,29/09/2018,2107,A,Dry,Darkness: street lights present and lit,Fine without high winds,Car,Pedestrian,Fatal,Male,41,,,,,,,,,,,,,,,,,,,,,,,,,
5A10776,408515,426563,1,01/10/2018,1900,Unclassified,Dry,Daylight: street lights present,Fine without high winds,Car,Pedestrian,Slight,Female,30,,,,,,,,,,,,,,,,,,,,,,,,,
5A20355,406512,424836,1,02/10/2018,907,Unclassified,Dry,Daylight: street lights present,Fine without high winds,Car,Pedestrian,Slight,Female,71,,,,,,,,,,,,,,,,,,,,,,,,,
5A20653,408857,426837,3,02/10/2018,1200,Unclassified,Dry,Daylight: street lights present,Fine without high winds,Car,Driver or rider,Slight,Female,35,Car,not known,not known,not known,not known,Car,not known,not known,not known,not known,,,,,,,,,,,,,,,
5A51538,390809,426254,2,05/10/2018,1738,A,Wet / Damp,Daylight: street lights present,Fine without high winds,Pedal cycle,Driver or rider,Slight,Male,27,Car,not known,not known,not known,not known,,,,,,,,,,,,,,,,,,,,
5A60931,408597,425927,1,06/10/2018,1350,Unclassified,Dry,Daylight: street lights present,Fine without high winds,Car,Vehicle or pillion passenger,Slight,Female,22,,Vehicle or pillion passenger,Slight,Female,21,,Vehicle or pillion passenger,Slight,Female,26,,,,,,,,,,,,,,,
5A80001,412459,425485,2,08/10/2018,1035,A,Dry,Daylight: street lights present,Fine without high winds,Goods vehicle 3.5 tonnes mgw and under,Driver or rider,Slight,Male,30,Goods vehicle 3.5 tonnes mgw and under,not known,not known,not known,not known,,,,,,,,,,,,,,,,,,,,
5A81210,398774,414784,2,08/10/2018,1615,A,Dry,Daylight: street lights present,Fine without high winds,Goods vehicle 3.5 tonnes mgw and under,Driver or rider,Slight,Female,31,Car,not known,not known,not known,not known,,,,,,,,,,,,,,,,,,,,
5A81323,398720,414672,2,08/10/2018,1710,Motorway,Dry,Daylight: street lights present,Fine without high winds,Car,Driver or rider,Slight,Male,53,Car,Driver or rider,Slight,Male,32,,,,,,,,,,,,,,,,,,,,
5AA1133,409870,422050,2,10/10/2018,1515,A,Dry,Daylight: street lights present,Fine without high winds,Car,Driver or rider,Serious,Male,60,Motorcycle over 500cc,not known,not known,not known,not known,,,,,,,,,,,,,,,,,,,,
5AB0265,401618,415663,3,11/10/2018,711,Motorway,Dry,Daylight: street lights present,Fine without high winds,Car,Driver or rider,Slight,Female,28,Car,not known,not known,not known,not known,Car,not known,not known,not known,not known,,,,,,,,,,,,,,,
5AC0522,406457,420542,2,12/10/2018,1009,B,Wet / Damp,Daylight: street lights present,Raining without high winds,Car,Driver or rider,Slight,Female,36,Car,not known,not known,not known,not known,,,,,,,,,,,,,,,,,,,,
5AD1426,407271,428620,2,13/10/2018,1520,Unclassified,Dry,Daylight: street lights present,Fine without high winds,Car,Driver or rider,Slight,Female,19,Car,not known,not known,not known,not known,,,,,,,,,,,,,,,,,,,,
5AE1192,407720,426582,1,14/10/2018,1541,Unclassified,Wet / Damp,Daylight: street lights present,Raining without high winds,Motorcycle over 50cc and up to 125cc,Driver or rider,Slight,Female,23,,,,,,,,,,,,,,,,,,,,,,,,,
5AE1537,409930,420282,2,14/10/2018,2125,Unclassified,Wet / Damp,Darkness: street lights present and lit,Fine without high winds,Car,Vehicle or pillion passenger,Slight,Male,46,Car,not known,not known,not known,not known,,,,,,,,,,,,,,,,,,,,
5AF0225,403913,416552,2,15/10/2018,638,Motorway,Dry,Darkness: street lights present and lit,Fine without high winds,Goods vehicle 3.5 tonnes mgw and under,Driver or rider,Slight,Male,54,Goods vehicle 3.5 tonnes mgw and under,not known,not known,not known,not known,,,,,,,,,,,,,,,,,,,,
5AI0401,409340,425046,1,17/10/2018,1429,Unclassified,Dry,Daylight: street lights present,Fine without high winds,Taxi/Private hire car,Pedestrian,Slight,Male,71,,,,,,,,,,,,,,,,,,,,,,,,,
5AI0580,409211,425445,2,18/10/2018,1115,A,Dry,Daylight: street lights present,Fine without high winds,Car,Driver or rider,Slight,Female,25,Car,Vehicle or pillion passenger,Slight,Male,5,,,,,,,,,,,,,,,,,,,,
5AI0806,408640,423513,2,18/10/2018,1329,Unclassified,Dry,Daylight: street lights present,Fine without high winds,Motorcycle over 125cc and up to 500cc,Driver or rider,Slight,Male,60,Car,not known,not known,not known,not known,,,,,,,,,,,,,,,,,,,,
5AJ0953,407985,423186,2,19/10/2018,1430,Unclassified,Dry,Daylight: street lights present,Fine without high winds,Goods vehicle 3.5 tonnes mgw and under,Driver or rider,Slight,Male,40,Car,not known,not known,not known,not known,,,,,,,,,,,,,,,,,,,,
5AJ1455,411567,419653,2,19/10/2018,1819,Motorway,Dry,Daylight: street lights present,Fine without high winds,Car,Driver or rider,Slight,Male,48,Car,not known,not known,not known,not known,,,,,,,,,,,,,,,,,,,,
5AK1374,408665,425248,2,20/10/2018,1527,Unclassified,Dry,Daylight: street lights present,Fine without high winds,Goods vehicle 3.5 tonnes mgw and under,Driver or rider,Slight,Female,51,Car,not known,not known,not known,not known,,,,,,,,,,,,,,,,,,,,
5AM0474,408154,423810,2,22/10/2018,1028,A,Dry,Daylight: street lights present,Fine without high winds,Car,Driver or rider,Slight,Male,33,Goods vehicle 3.5 tonnes mgw and under,Vehicle or pillion passenger,Slight,Female,30,,Driver or rider,Slight,Male,49,,Vehicle or pillion passenger,Slight,Male,56,,,,,,,,,,
5AM1129,405838,423431,2,22/10/2018,1537,A,Dry,Daylight: street lights present,Fine without high winds,Car,Driver or rider,Slight,Female,55,Pedal cycle,not known,not known,not known,not known,,,,,,,,,,,,,,,,,,,,
5AM1182,392429,423237,1,22/10/2018,1612,A,Dry,Daylight: street lights present,Fine without high winds,Car,Driver or rider,Slight,Female,60,,,,,,,,,,,,,,,,,,,,,,,,,
5AM1312,407494,426418,2,22/10/2018,1655,Unclassified,Dry,Daylight: street lights present,Fine without high winds,Car,Driver or rider,Slight,Female,51,Car,not known,not known,not known,not known,,,,,,,,,,,,,,,,,,,,
5AO0252,393525,423942,1,24/10/2018,709,A,Dry,Daylight: street lights present,Fine without high winds,Car,Pedestrian,Slight,Male,25,,,,,,,,,,,,,,,,,,,,,,,,,
5AO1120,408935,426790,2,24/10/2018,1515,Unclassified,Dry,Daylight: street lights present,Fine without high winds,Car,Driver or rider,Slight,Female,32,Car,Driver or rider,Slight,Male,32,,Vehicle or pillion passenger,Slight,Female,42,,,,,,,,,,,,,,,
5AO1575,411467,420463,2,24/10/2018,1815,Unclassified,Dry,Daylight: street lights present,Fine without high winds,Car,Driver or rider,Slight,Male,8,Pedal cycle,not known,not known,not known,not known,,,,,,,,,,,,,,,,,,,,
5AP0984,409970,420542,3,25/10/2018,1414,Unclassified,Dry,Daylight: street lights present,Fine without high winds,Car,Vehicle or pillion passenger,Slight,Female,87,Car,not known,not known,not known,not known,Car,not known,not known,not known,not known,,,,,,,,,,,,,,,
5AQ0478,414451,423821,2,26/10/2018,910,Unclassified,Dry,Daylight: street lights present,Fine without high winds,Car,Driver or rider,Slight,Female,34,Car,not known,not known,not known,not known,,,,,,,,,,,,,,,,,,,,
5B51092,414133,422322,1,05/11/2018,1515,Unclassified,Wet / Damp,Daylight: street lights present,Fine without high winds,Car,Pedestrian,Slight,Male,4,,,,,,,,,,,,,,,,,,,,,,,,,
5B61029,408389,426741,2,06/11/2018,1354,Unclassified,Dry,Daylight: street lights present,Fine without high winds,Car,Vehicle or pillion passenger,Slight,Female,40,Bus or coach (17 or more passenger seats),not known,not known,not known,not known,,,,,,,,,,,,,,,,,,,,
5B70355,406713,428999,2,07/11/2018,900,Unclassified,Wet / Damp,Daylight: street lights present,Raining without high winds,Car,Driver or rider,Slight,Female,44,Car,Vehicle or pillion passenger,Slight,Male,10,,,,,,,,,,,,,,,,,,,,
5B71785,409916,424782,1,07/11/2018,1515,Unclassified,Dry,Daylight: street lights present,Fine without high winds,Car,Pedestrian,Slight,Male,38,,,,,,,,,,,,,,,,,,,,,,,,,
5B81395,406357,425279,1,08/11/2018,1722,Unclassified,Wet / Damp,Darkness: street lights present and lit,Fine without high winds,Car,Pedestrian,Slight,Male,33,,,,,,,,,,,,,,,,,,,,,,,,,
5B81742,406678,424150,2,08/11/2018,1600,Unclassified,Dry,Daylight: street lights present,Fine without high winds,Car,Driver or rider,Slight,Female,49,Pedal cycle,not known,not known,not known,not known,,,,,,,,,,,,,,,,,,,,
5B91337,406864,425696,2,09/11/2018,1711,Unclassified,Wet / Damp,Darkness: street lights present and lit,Raining without high winds,Car,Vehicle or pillion passenger,Slight,Male,32,Car,not known,not known,not known,not known,,,,,,,,,,,,,,,,,,,,
5BA1186,407388,425510,2,10/11/2018,1650,Unclassified,Wet / Damp,Darkness: street lights present and lit,Fine without high winds,Car,Driver or rider,Slight,Female,42,Car,Vehicle or pillion passenger,Slight,Female,12,,,,,,,,,,,,,,,,,,,,
5BA1453,404998,424164,2,10/11/2018,1819,A,Dry,Darkness: street lights present and lit,Fine without high winds,Car,Driver or rider,Slight,Female,27,Car,not known,not known,not known,not known,,,,,,,,,,,,,,,,,,,,
5BD1206,404164,422585,2,13/11/2018,1545,Unclassified,Dry,Daylight: street lights present,Fine without high winds,Goods vehicle 3.5 tonnes mgw and under,Driver or rider,Slight,Female,38,Car,not known,not known,not known,not known,,,,,,,,,,,,,,,,,,,,
5BD1869,406331,423732,2,13/11/2018,2053,A,Wet / Damp,Darkness: street lights present and lit,Fine without high winds,Car,Driver or rider,Slight,Male,22,Motorcycle over 50cc and up to 125cc,not known,not known,not known,not known,,,,,,,,,,,,,,,,,,,,
5BG0100,405895,423524,1,16/11/2018,154,Unclassified,Dry,Darkness: street lights present and lit,Fine without high winds,Car,Pedestrian,Serious,Male,61,,,,,,,,,,,,,,,,,,,,,,,,,
5BJ1430,414676,424239,2,19/11/2018,1430,A,Dry,Daylight: street lights present,Fine without high winds,Pedal cycle,Driver or rider,Slight,Male,15,Car,not known,not known,not known,not known,,,,,,,,,,,,,,,,,,,,
5BK0232,401471,415581,6,20/11/2018,638,Motorway,Wet / Damp,Darkness: street lights present and lit,Raining with high winds,Car,Driver or rider,Slight,Male,54,Car,Driver or rider,Slight,Male,40,Car,Driver or rider,Slight,Male,31,Car,not known,not known,not known,not known,Goods vehicle 3.5 tonnes mgw and under,not known,not known,not known,not known,Car,not known,not known,not known,not known
5BK1237,412583,425501,1,20/11/2018,1725,A,Wet / Damp,Darkness: street lights present and lit,Raining without high winds,Car,Pedestrian,Slight,Male,45,,,,,,,,,,,,,,,,,,,,,,,,,
5BM0656,402095,415831,5,22/11/2018,1230,Motorway,Wet / Damp,Daylight: street lights present,Raining without high winds,Car,Vehicle or pillion passenger,Slight,Female,33,Car,not known,not known,not known,not known,Car,not known,not known,not known,not known,Car,not known,not known,not known,not known,Goods vehicle 3.5 tonnes mgw and under,not known,not known,not known,not known,,,,,
5BM1089,411533,427352,1,22/11/2018,1621,A,Wet / Damp,Darkness: street lights present and lit,Raining without high winds,Car,Pedestrian,Serious,Female,88,,,,,,,,,,,,,,,,,,,,,,,,,
5BM1195,411102,420727,1,22/11/2018,1710,Unclassified,Wet / Damp,Darkness: street lights present and lit,Fine without high winds,Goods vehicle 7.5 tonnes mgw and over,Pedestrian,Serious,Female,23,,,,,,,,,,,,,,,,,,,,,,,,,
5BM1736,416384,422224,2,22/11/2018,2302,A,Wet / Damp,Darkness: street lights present and lit,Raining without high winds,Goods vehicle 7.5 tonnes mgw and over,Driver or rider,Slight,Male,48,Car,Vehicle or pillion passenger,Slight,Male,32,,,,,,,,,,,,,,,,,,,,
5BO1706,411439,421479,2,24/11/2018,2002,Unclassified,Wet / Damp,Darkness: street lights present and lit,Fine without high winds,Car,Driver or rider,Serious,Male,60,Car,Vehicle or pillion passenger,Serious,Male,34,,,,,,,,,,,,,,,,,,,,
5BR0311,410262,425885,2,27/11/2018,825,A,Wet / Damp,Daylight: street lights present,Fine without high winds,Car,Driver or rider,Slight,Male,59,Car,Driver or rider,Serious,Female,62,,,,,,,,,,,,,,,,,,,,
5BR0388,412098,419877,2,27/11/2018,915,Motorway,Wet / Damp,Daylight: street lights present,Fog or mist – if hazard,Car,Driver or rider,Slight,Male,51,Car,not known,not known,not known,not known,,,,,,,,,,,,,,,,,,,,
5BR1200,412077,425528,1,27/11/2018,1700,Unclassified,Wet / Damp,Darkness: no street lighting,Raining with high winds,Car,Pedestrian,Slight,Male,80,,,,,,,,,,,,,,,,,,,,,,,,,
5BU1191,407943,424643,3,30/11/2018,1420,Unclassified,Wet / Damp,Daylight: street lights present,Fine without high winds,Car,Driver or rider,Slight,Female,23,Car,not known,not known,not known,not known,Car,not known,not known,not known,not known,,,,,,,,,,,,,,,
5C11015,409322,424722,1,30/11/2018,1330,A,Wet / Damp,Daylight: street lights present,Raining without high winds,Bus or coach (17 or more passenger seats),Vehicle or pillion passenger,Slight,Female,62,,,,,,,,,,,,,,,,,,,,,,,,,
5C20119,409267,425830,2,02/12/2018,105,A,Wet / Damp,Darkness: street lights present and lit,Raining without high winds,Taxi/Private hire car,Driver or rider,Serious,Male,58,Taxi/Private hire car,not known,not known,not known,not known,,,,,,,,,,,,,,,,,,,,
5C21327,399007,414841,3,02/12/2018,1644,Motorway,Wet / Damp,Darkness: street lights present and lit,Raining without high winds,Car,Driver or rider,Slight,Male,23,Car,Vehicle or pillion passenger,Slight,Male,24,Car,Vehicle or pillion passenger,Slight,Male,29,,Vehicle or pillion passenger,Slight,Male,23,,Driver or rider,Slight,Male,24,,Vehicle or pillion passenger,Slight,Male,24
5C41381,417825,421057,2,04/12/2018,1700,A,Wet / Damp,Darkness: street lights present and lit,Fine without high winds,Car,Driver or rider,Slight,Female,65,Car,not known,not known,not known,not known,,,,,,,,,,,,,,,,,,,,
5C51152,411570,420824,2,05/12/2018,1618,A,Wet / Damp,Darkness: street lights present and lit,Raining without high winds,Car,Driver or rider,Slight,Male,59,Car,not known,not known,not known,not known,,,,,,,,,,,,,,,,,,,,
5C60363,407601,425542,1,06/12/2018,850,Unclassified,Wet / Damp,Daylight: street lights present,Raining without high winds,Car,Pedestrian,Slight,Female,9,,,,,,,,,,,,,,,,,,,,,,,,,
5C81534,406210,423680,2,08/12/2018,1910,A,Wet / Damp,Darkness: street lights present and lit,Raining without high winds,Car,Vehicle or pillion passenger,Slight,Female,10,Car,not known,not known,not known,not known,,,,,,,,,,,,,,,,,,,,
5CB0655,413609,421190,2,11/12/2018,1143,A,Dry,Daylight: street lights present,Fine without high winds,Motorcycle over 50cc and up to 125cc,Driver or rider,Slight,Female,31,Car,not known,not known,not known,not known,,,,,,,,,,,,,,,,,,,,
5CB1156,409564,423067,2,11/12/2018,1540,Unclassified,Dry,Daylight: street lights present,Fine without high winds,Car,Driver or rider,Slight,Female,33,Car,Vehicle or pillion passenger,Slight,Female,5,,,,,,,,,,,,,,,,,,,,
5CB1505,409246,424897,1,11/12/2018,1805,Unclassified,Dry,Darkness: street lights present and lit,Fine without high winds,Car,Pedestrian,Slight,Male,31,,,,,,,,,,,,,,,,,,,,,,,,,
5CC0275,411661,420777,1,12/12/2018,754,Unclassified,Dry,Daylight: street lights present,Fine without high winds,Car,Pedestrian,Slight,Female,55,,,,,,,,,,,,,,,,,,,,,,,,,
5CC0433,409241,424957,1,12/12/2018,1930,A,Dry,Darkness: street lights present and lit,Fine without high winds,Car,Pedestrian,Slight,Female,29,,,,,,,,,,,,,,,,,,,,,,,,,
5CE0068,408579,427649,2,14/12/2018,103,A,Dry,Darkness: street lights present and lit,Fine without high winds,Car,Driver or rider,Fatal,Male,36,Goods vehicle 7.5 tonnes mgw and over,not known,not known,not known,not known,,,,,,,,,,,,,,,,,,,,
5CG0091,409220,425221,1,16/12/2018,55,Unclassified,Wet / Damp,Darkness: street lights present and lit,Raining without high winds,Taxi/Private hire car,Pedestrian,Slight,Male,45,,,,,,,,,,,,,,,,,,,,,,,,,
5CG1160,410742,420830,1,16/12/2018,1617,Unclassified,Dry,Darkness: street lights present and lit,Fine without high winds,Car,Pedestrian,Slight,Female,28,,,,,,,,,,,,,,,,,,,,,,,,,
5CH0518,405886,423502,1,17/12/2018,1031,Unclassified,Dry,Daylight: street lights present,Fine without high winds,Goods vehicle 3.5 tonnes mgw and under,Pedestrian,Slight,Female,56,,,,,,,,,,,,,,,,,,,,,,,,,
5CJ1583,407385,428042,1,19/12/2018,1915,A,Wet / Damp,Darkness: street lights present but unlit,Raining without high winds,Car,Pedestrian,Serious,Male,13,,,,,,,,,,,,,,,,,,,,,,,,,
5CL1609,406621,423814,1,21/12/2018,1900,A,Wet / Damp,Darkness: street lights present and lit,Raining without high winds,Car,Pedestrian,Slight,Male,59,,,,,,,,,,,,,,,,,,,,,,,,,
5CM0536,405748,423389,2,22/12/2018,820,Unclassified,Dry,Daylight: street lights present,Fine without high winds,Car,Pedestrian,Serious,Female,67,Car,not known,not known,not known,not known,,,,,,,,,,,,,,,,,,,,
5CN1599,411578,425559,1,23/12/2018,1500,Unclassified,Wet / Damp,Daylight: street lights present,Raining without high winds,Car,Pedestrian,Slight,Female,22,,,,,,,,,,,,,,,,,,,,,,,,,
5CO0885,408232,428083,2,24/12/2018,1410,Unclassified,Dry,Daylight: street lights present,Fine without high winds,Car,Driver or rider,Serious,Male,54,Car,not known,not known,not known,not known,,,,,,,,,,,,,,,,,,,,
5CR1570,407934,427422,1,27/12/2018,1930,A,Dry,Darkness: street lights present and lit,Fine without high winds,Car,Pedestrian,Slight,Male,24,,,,,,,,,,,,,,,,,,,,,,,,,
5CT0620,408742,424811,2,29/12/2018,1115,Unclassified,Dry,Daylight: street lights present,Fine without high winds,Car,Driver or rider,Slight,Male,23,Car,not known,not known,not known,not known,,,,,,,,,,,,,,,,,,,,
5CU1368,406423,423765,1,29/12/2018,2030,A,Dry,Darkness: street lights present and lit,Fine without high winds,Car,Pedestrian,Slight,Male,70,,Pedestrian,Slight,Female,70,,,,,,,,,,,,,,,,,,,,
5CV1342,407951,424326,1,31/12/2018,1830,Unclassified,Dry,Darkness: street lights present and lit,Fine without high winds,Car,Pedestrian,Slight,Female,15,,Pedestrian,Slight,Female,13,,,,,,,,,,,,,,,,,,,,
6121478,407905,424216,2,31/12/2018,2359,A,Dry,Darkness: street lights present and lit,Fine without high winds,Taxi/Private hire car,Vehicle or pillion passenger,Slight,Female,37,Car,not known,not known,not known,not known,,,,,,,,,,,,,,,,,,,,
